Rank, Name, Time
1, Cameron, 0.421245661
2, Nathan, 0.430312773
3, Tim, 0.4558627963
4, EJ, 0.520460446
5, Eric, 7.471550414
6, Frank, 11.00738213