Rank, Time
1, 0.421245661
2, 0.430312773
3, 0.4558627963
4, 0.520460446
5, 7.471550414
6, 11.00738213
